{
  "mode": "leave_one_mouse",
  "labels": [
    "claw",
    "fingertip",
    "palm"
  ],
  "feature_count": 888,
  "label_counts": {
    "palm": 223,
    "fingertip": 265,
    "claw": 233
  },
  "user_counts": {
    "user_004": 161,
    "user_003": 170,
    "user_002": 186,
    "user_001": 204
  },
  "mouse_counts": {
    "XliteV3ES": 226,
    "X2H": 188,
    "G102": 307
  },
  "results": [
    {
      "mode": "leave_one_mouse",
      "fold": 0,
      "test_mouse": "G102",
      "accuracy": 0.8729641693811075,
      "n_test": 307
    },
    {
      "mode": "leave_one_mouse",
      "fold": 1,
      "test_mouse": "X2H",
      "accuracy": 0.925531914893617,
      "n_test": 188
    },
    {
      "mode": "leave_one_mouse",
      "fold": 2,
      "test_mouse": "XliteV3ES",
      "accuracy": 0.8628318584070797,
      "n_test": 226
    },
    {
      "mode": "leave_one_mouse_overall",
      "accuracy": 0.883495145631068,
      "classification_report": {
        "claw": {
          "precision": 0.90625,
          "recall": 0.871244635193133,
          "f1-score": 0.888402625820569,
          "support": 233.0
        },
        "fingertip": {
          "precision": 0.8666666666666667,
          "recall": 0.8830188679245283,
          "f1-score": 0.874766355140187,
          "support": 265.0
        },
        "palm": {
          "precision": 0.8810572687224669,
          "recall": 0.8968609865470852,
          "f1-score": 0.8888888888888888,
          "support": 223.0
        },
        "accuracy": 0.883495145631068,
        "macro avg": {
          "precision": 0.8846579784630446,
          "recall": 0.8837081632215821,
          "f1-score": 0.8840192899498817,
          "support": 721.0
        },
        "weighted avg": {
          "precision": 0.8839094141356127,
          "recall": 0.883495145631068,
          "f1-score": 0.8835410792656925,
          "support": 721.0
        }
      },
      "confusion_matrix": [
        [
          203,
          17,
          13
        ],
        [
          17,
          234,
          14
        ],
        [
          4,
          19,
          200
        ]
      ]
    }
  ]
}